name,line,shortName,descriptionAr,descriptionEn,image,categoryHandle,price,discountedPrice,handle,brand,metaKeywords,metaDescription,metaTitle
Ecodenta Triple Force Toothpaste,triple force,toothpaste,"معجون الأسنان هذا ممتاز للغاية للعناية بالفم في المناطق الأكثر حساسية. يعمل الطين الأبيض والبروبوليس معًا كقوة طبيعية تحارب البلاك وتقوي مينا الأسنان وتقلل من حساسية الأسنان واللثة. كما أنه سيحافظ على انتعاش المك
المكونات الفعالة:
White Clay: يساعد على استعادة المعادن في مينا الأسنان
Propolis: يعمل على تقليل نزيف اللثة وحساسيتها
Teavigo:يساعد على السيطرة على البكتيريا في الفم و يمنع تشكيل طبقة البلاك يخفف حموضة اللعاب و بالتالي يكون فعال في منع تسوس الاسنان و يعزز قوة اللثة","This toothpaste is excellent for oral care in the most sensitive areas. White Clay and Propolis work together as a natural force that fights plaque, strengthens tooth enamel and reduces tooth and gum sensitivity. It will also keep your gums fresh. Active Ingredients:
White Clay: Helps restore minerals to tooth enamel.
Propolis: Reduces gum bleeding and sensitivity.
Teavigo: Helps control bacteria in the mouth and prevents plaque formation. Reduces saliva acidity and is therefore effective in preventing tooth decay and strengthening gums.",https://skinior.com/api/uploads/products/ecodenta/ecodenta-tripleforce.webp,oral-care,7.5,6,Ecodenta-Triple-Force-Toothpaste,ecodenta,"Ecodenta Triple Force Toothpaste triple force toothpaste معجون الأسنان هذا ممتاز للغاية للعناية بالفم في المناطق الأكثر حساسية. يعمل الطين الأبيض والبروبوليس معًا كقوة طبيعية تحارب البلاك وتقوي مينا الأسنان وتقلل من حساسية الأسنان واللثة. كما أنه سيحافظ على انتعاش المك
المكونات الفعالة:
White Clay: يساعد على استعادة المعادن في مينا الأسنان
Propolis: يعمل على تقليل نزيف اللثة وحساسيتها
Teavigo:يساعد على السيطرة على البكتيريا في الفم و يمنع تشكيل طبقة البلاك يخفف حموضة اللعاب و بالتالي يكون فعال في منع تسوس الاسنان و يعزز قوة اللثة This toothpaste is excellent for oral care in the most sensitive areas. White Clay and Propolis work together as a natural force that fights plaque, strengthens tooth enamel and reduces tooth and gum sensitivity. It will also keep your gums fresh. Active Ingredients:
White Clay: Helps restore minerals to tooth enamel.
Propolis: Reduces gum bleeding and sensitivity.
Teavigo: Helps control bacteria in the mouth and prevents plaque formation. Reduces saliva acidity and is therefore effective in preventing tooth decay and strengthening gums. oral-care Ecodenta-Triple-Force-Toothpaste","Ecodenta Triple Force Toothpaste في الأردن - القوة الثلاثية للعناية بصحة الفم!  
بتركيبة الطين الأبيض والبروبوليس، يحارب البلاك، يقوي المينا، ويخفف حساسية اللثة.",Ecodenta Triple Force Toothpaste | المنتج الرسمي
Ecodenta Wild Strawberry Toothpaste for kids,kids,strawberry toothpaste,"لا تقتصر نكهة الفراولة على المشروبات المخفوقة، بل إنها رائعة أيضًا لمعجون أسنان الأطفال عند مزجها بخلاصة الجزر. تحصل على بعد ذلك هو تركيبة مبتكرة ولذيذة يمكنها حقًا العناية بأسنان أطفالك.

فهي تقوي مينا الأسنان وتقلل من فرصة تسوس الأسنان، والأهم من ذلك أنها تحمي أسنانهم. مذاقها لذيذ للغاية أيضًا.

المكونات الفعالة:Carrot Extract: يقلل من حساسية الأسنان وهو عنصر حيوي لصحة الأسنان.
Hydroxyapatite: هو مصدر طبيعي للكالسيوم الذي يساعد مينا الأسنان على استعادة المحتوى المعدني الضروري.","Strawberry flavour is not just for smoothies, it is also great for kids toothpaste when mixed with carrot extract. What you get is an innovative and delicious formula that can really take care of your kids teeth.

It strengthens tooth enamel, reduces the chance of tooth decay and most importantly, protects their teeth. It tastes great too.

Active Ingredients: Carrot Extract: Reduces tooth sensitivity and is a vital element for dental health.

Hydroxyapatite: A natural source of calcium that helps tooth enamel regain essential mineral content.",https://skinior.com/api/uploads/products/ecodenta/ecodenta-strawberry.webp,oral-care,7.5,6,Ecodenta-Wild-Strawberry,ecodenta,"Ecodenta Wild Strawberry Toothpaste for kids kids strawberry toothpaste لا تقتصر نكهة الفراولة على المشروبات المخفوقة، بل إنها رائعة أيضًا لمعجون أسنان الأطفال عند مزجها بخلاصة الجزر. تحصل على بعد ذلك هو تركيبة مبتكرة ولذيذة يمكنها حقًا العناية بأسنان أطفالك.

فهي تقوي مينا الأسنان وتقلل من فرصة تسوس الأسنان، والأهم من ذلك أنها تحمي أسنانهم. مذاقها لذيذ للغاية أيضًا.

المكونات الفعالة:Carrot Extract: يقلل من حساسية الأسنان وهو عنصر حيوي لصحة الأسنان.
Hydroxyapatite: هو مصدر طبيعي للكالسيوم الذي يساعد مينا الأسنان على استعادة المحتوى المعدني الضروري. Strawberry flavour is not just for smoothies, it is also great for kids toothpaste when mixed with carrot extract. What you get is an innovative and delicious formula that can really take care of your kids teeth.

It strengthens tooth enamel, reduces the chance of tooth decay and most importantly, protects their teeth. It tastes great too.

Active Ingredients: Carrot Extract: Reduces tooth sensitivity and is a vital element for dental health.

Hydroxyapatite: A natural source of calcium that helps tooth enamel regain essential mineral content. oral-care Ecodenta-Wild-Strawberry","Ecodenta Wild Strawberry Toothpaste للأطفال في الأردن - نكهة الفراولة اللذيذة لحماية أسنان أطفالك!  
تركيبة غنية بخلاصة الجزر وهيدروكسي أباتيت، تقوي المينا وتحمي من التسوس.",Ecodenta Wild strawberry toothpaste for kids | المنتج الرسمي
Ecodenta Raspberry Toothpaste for Kids,kids,raspberry toothpaste,"سيعمل معجون الأسنان هذا على حماية أسنان أطفالك من التسوس وتكوين الجير، فهو يزيل البلاك بفعالية ويوفر حماية شاملة بنكهة التوت الرائعة.

المكونات الفعالة:
Raspberry Extract:  خيار فعال للوقاية من أمراض الفم بشكل استباقي.
Blueberry Extract: يعمل كعامل مضاد للميكروبات للمساعدة في الحفاظ على سلامة مينا الأسنان
Hydroxyapatite: هو مصدر طبيعي للكالسيوم الذي يساعد مينا الأسنان على استعادة المحتوى المعدني الضروري.
","This toothpaste will protect your kids' teeth from cavities and tartar build-up, effectively removing plaque and providing comprehensive protection with a great berry flavour.

Active Ingredients:
Raspberry Extract: An effective option for proactive prevention of oral diseases.
Blueberry Extract: Acts as an antimicrobial agent to help maintain the integrity of tooth enamel.
Hydroxyapatite: A natural source of calcium that helps tooth enamel regain essential mineral content.
",https://skinior.com/api/uploads/products/ecodenta/ecodenta-raspberry.webp,oral-care,7.5,6,Ecodenta-Raspberry,ecodenta,"Ecodenta Raspberry Toothpaste for Kids kids raspberry toothpaste سيعمل معجون الأسنان هذا على حماية أسنان أطفالك من التسوس وتكوين الجير، فهو يزيل البلاك بفعالية ويوفر حماية شاملة بنكهة التوت الرائعة.

المكونات الفعالة:
Raspberry Extract:  خيار فعال للوقاية من أمراض الفم بشكل استباقي.
Blueberry Extract: يعمل كعامل مضاد للميكروبات للمساعدة في الحفاظ على سلامة مينا الأسنان
Hydroxyapatite: هو مصدر طبيعي للكالسيوم الذي يساعد مينا الأسنان على استعادة المحتوى المعدني الضروري.
 This toothpaste will protect your kids' teeth from cavities and tartar build-up, effectively removing plaque and providing comprehensive protection with a great berry flavour.

Active Ingredients:
Raspberry Extract: An effective option for proactive prevention of oral diseases.
Blueberry Extract: Acts as an antimicrobial agent to help maintain the integrity of tooth enamel.
Hydroxyapatite: A natural source of calcium that helps tooth enamel regain essential mineral content.
 oral-care Ecodenta-Raspberry","Ecodenta Raspberry Toothpaste للأطفال في الأردن - حماية كاملة بنكهة التوت الشهية!  
مع خلاصة التوت الأزرق والهيدروكسي أباتيت، يزيل البلاك ويحافظ على مينا الأسنان، لابتسامة صحية ومشرقة.",Ecodenta Raspberry Toothpaste for kids | المنتج الرسمي
Ecodenta Black Whitening Orange Toothpaste,charcoal,black orange toothpaste,"نعم، معجون أسنان أسود لأسنان أكثر بياضًا
مملوء بالطبيعة، مع الفحم الأسود + Teavigo وموهوب بقوى خارقة. فهو يبيض الأسنان بفعالية، ويزيل البلاك بنجاح، كما أن تأثيره المنعش طويل الأمد مذهل. تألق مبتكر من ابتكار أدمغة علمية خارقة للحفاظ على أسنانك بيضاء وجميلة.

المكونات النشطة

يعمل الفحم كمبيض طبيعي للأسنان.

Teavigo هو مستخلص شاي أخضر له خصائص مضادة للبلاك، ومضادة للتسوس، ومضادة لالتهاب اللثة. كما أنه يحارب رائحة الفم الكريهة بفعالية.""","Yes, black toothpaste for whiter teeth
 Full of nature, with Black Charcoal + Teavigo and gifted with superpowers. It effectively whitens teeth, successfully wipes out plaque and its extremely long-lasting freshness effect is phenomenal. Innovative brilliance created by scienceâ€™s super brains to keep your teeth white and beautiful.
 
 Active Ingredients
 
 Charcoal acts as a natural teeth whitener.
 
 Teavigo is a green tea extract that has anti-plaque, anti-caries, and anti-gingivitis properties. It also effectively fights bad breath.",https://skinior.com/api/uploads/products/ecodenta/ecodenta-black-orange.webp,oral-care,7.5,6,Ecodenta-Black-Whitening-Orange-Toothpaste,ecodenta,"Ecodenta Black Whitening Orange Toothpaste charcoal black orange toothpaste نعم، معجون أسنان أسود لأسنان أكثر بياضًا
مملوء بالطبيعة، مع الفحم الأسود + Teavigo وموهوب بقوى خارقة. فهو يبيض الأسنان بفعالية، ويزيل البلاك بنجاح، كما أن تأثيره المنعش طويل الأمد مذهل. تألق مبتكر من ابتكار أدمغة علمية خارقة للحفاظ على أسنانك بيضاء وجميلة.

المكونات النشطة

يعمل الفحم كمبيض طبيعي للأسنان.

Teavigo هو مستخلص شاي أخضر له خصائص مضادة للبلاك، ومضادة للتسوس، ومضادة لالتهاب اللثة. كما أنه يحارب رائحة الفم الكريهة بفعالية."" Yes, black toothpaste for whiter teeth
 Full of nature, with Black Charcoal + Teavigo and gifted with superpowers. It effectively whitens teeth, successfully wipes out plaque and its extremely long-lasting freshness effect is phenomenal. Innovative brilliance created by scienceâ€™s super brains to keep your teeth white and beautiful.
 
 Active Ingredients
 
 Charcoal acts as a natural teeth whitener.
 
 Teavigo is a green tea extract that has anti-plaque, anti-caries, and anti-gingivitis properties. It also effectively fights bad breath. oral-care Ecodenta-Black-Whitening-Orange-Toothpaste","Ecodenta Black Whitening Orange Toothpaste في الأردن - نعم، أسود لأسنان أكثر بياضًا!  
بتركيبة الفحم وTeavigo، يزيل البلاك، يبيض الأسنان، وينعش النفس بفعالية.",Ecodenta Black Whitening Orange Toothpaste | المنتج الرسمي
Ecodenta Black Whitening Cinnamon Toothpaste,charcoal,black cinnamon toothpaste,"نعم، معجون أسنان أسود لأسنان أكثر بياضًا
مملوء بالطبيعة، مع الفحم الأسود + Teavigo وموهوب بقوى خارقة. فهو يبيض الأسنان بفعالية، ويزيل البلاك بنجاح، كما أن تأثيره المنعش طويل الأمد مذهل. تألق مبتكر من ابتكار أدمغة علمية خارقة للحفاظ على أسنانك بيضاء وجميلة.

المكونات النشطة

يعمل الفحم كمبيض طبيعي للأسنان.

Teavigo هو مستخلص شاي أخضر له خصائص مضادة للبلاك، ومضادة للتسوس، ومضادة لالتهاب اللثة. كما أنه يحارب رائحة الفم الكريهة بفعالية.""","Yes, black toothpaste for whiter teeth
 Full of nature, with Black Charcoal + Teavigo and gifted with superpowers. It effectively whitens teeth, successfully wipes out plaque and its extremely long-lasting freshness effect is phenomenal. Innovative brilliance created by scienceâ€™s super brains to keep your teeth white and beautiful.
 
 Active Ingredients
 
 Charcoal acts as a natural teeth whitener.
 
 Teavigo is a green tea extract that has anti-plaque, anti-caries, and anti-gingivitis properties. It also effectively fights bad breath.",https://skinior.com/api/uploads/products/ecodenta/ecodenta-black-cinnamon.webp,oral-care,7.5,6,Ecodenta-Black-Whitening-Cinammon-Toothpaste,ecodenta,"Ecodenta Black Whitening Cinnamon Toothpaste charcoal black cinnamon toothpaste نعم، معجون أسنان أسود لأسنان أكثر بياضًا
مملوء بالطبيعة، مع الفحم الأسود + Teavigo وموهوب بقوى خارقة. فهو يبيض الأسنان بفعالية، ويزيل البلاك بنجاح، كما أن تأثيره المنعش طويل الأمد مذهل. تألق مبتكر من ابتكار أدمغة علمية خارقة للحفاظ على أسنانك بيضاء وجميلة.

المكونات النشطة

يعمل الفحم كمبيض طبيعي للأسنان.

Teavigo هو مستخلص شاي أخضر له خصائص مضادة للبلاك، ومضادة للتسوس، ومضادة لالتهاب اللثة. كما أنه يحارب رائحة الفم الكريهة بفعالية."" Yes, black toothpaste for whiter teeth
 Full of nature, with Black Charcoal + Teavigo and gifted with superpowers. It effectively whitens teeth, successfully wipes out plaque and its extremely long-lasting freshness effect is phenomenal. Innovative brilliance created by scienceâ€™s super brains to keep your teeth white and beautiful.
 
 Active Ingredients
 
 Charcoal acts as a natural teeth whitener.
 
 Teavigo is a green tea extract that has anti-plaque, anti-caries, and anti-gingivitis properties. It also effectively fights bad breath. oral-care Ecodenta-Black-Whitening-Cinammon-Toothpaste","Ecodenta Black Whitening Cinnamon Toothpaste في الأردن - بياض مدهش بنكهة القرفة!  
مع الفحم وTeavigo، يزيل البلاك، يبيض الأسنان، وينعش النفس بلمسة دافئة من القرفة.",Ecodenta Black Whitening Cinammon Toothpaste | المنتج الرسمي